poster,post_count,mean_votes,mean_comments,total_votes,total_comments,posts_with_comments_count,conversations_sparked,is_usver,ever_usver,percent_of_posts_with_comments
10Xspotting,1,1.0,0.0,1,0,0,0,False,False,0.0
2lr,9,4.11,0.11,37,1,1,0,False,False,0.11
ADVenet,1,1.0,0.0,1,0,0,0,False,False,0.0
AbhilashAthreya,2,2.0,0.0,4,0,0,0,False,False,0.0
Active_me,3,1.0,0.0,3,0,0,0,False,False,0.0
AdrianLurssen,119,2.18,0.71,259,85,30,5,False,False,0.25
AkrimRed,8,0.75,0.0,6,0,0,0,False,False,0.0
Alacra,1,2.0,2.0,2,2,1,0,False,False,1.0
AlertChef,1,1.0,0.0,1,0,0,0,False,False,0.0
AlexBangash,4,2.5,0.0,10,0,0,0,False,False,0.0
AlexCapecelatro,1,1.0,0.0,1,0,0,0,False,False,0.0
AlexanderPease,49,3.57,1.53,175,75,19,3,False,True,0.39
AlleyWatch,1,1.0,0.0,1,0,0,0,False,False,0.0
Alternate1985,1,2.0,0.0,2,0,0,0,False,False,0.0
AndreDeMarre,1,1.0,1.0,1,1,1,0,False,False,1.0
AndrewDumont,2,5.5,0.5,11,1,1,0,False,False,0.5
AndrewMohebbi,1,1.0,0.0,1,0,0,0,False,False,0.0
AndySwan,4,3.25,2.5,13,10,4,0,False,False,1.0
AnthonyFrasier,3,1.67,1.33,5,4,1,0,False,False,0.33
AnujAdhiya,247,1.48,0.21,365,52,26,2,False,False,0.11
Armando_Iandolo,1,1.0,0.0,1,0,0,0,False,False,0.0
AustinLAC,2,2.5,8.0,5,16,1,1,False,False,0.5
BJTStevens,1,1.0,0.0,1,0,0,0,False,False,0.0
BTrautschold,5,3.4,0.4,17,2,2,0,False,False,0.4
BalaInIceland,55,1.2,0.15,66,8,6,0,False,False,0.11
Banderollexpert,1,1.0,0.0,1,0,0,0,False,False,0.0
BeingPractical,3,1.0,0.0,3,0,0,0,False,False,0.0
BenedictEvans,13,4.46,2.08,58,27,5,2,False,False,0.38
BetaFeed_,1,8.0,0.0,8,0,0,0,False,False,0.0
BobTroia,2,2.0,0.5,4,1,1,0,False,False,0.5
Bonanzinga,5,2.4,0.4,12,2,2,0,False,False,0.4
BootstrapNYC,2,1.5,0.0,3,0,0,0,False,False,0.0
Borentra,1,2.0,1.0,2,1,1,0,False,False,1.0
BradUSV,94,2.78,1.24,261,117,14,10,True,True,0.15
BrienBuckman,2,1.0,0.0,2,0,0,0,False,False,0.0
Brodlist,1,1.0,4.0,1,4,1,0,False,False,1.0
Bryan_Weis,1,2.0,0.0,2,0,0,0,False,False,0.0
Burnsey,17,3.88,6.18,66,105,10,5,False,False,0.59
BuyintoBitcoin,1,1.0,0.0,1,0,0,0,False,False,0.0
CSinirlioglu,1,0.0,0.0,0,0,0,0,False,False,0.0
CcalSD,1,1.0,0.0,1,0,0,0,False,False,0.0
CharleyMa,1,2.0,0.0,2,0,0,0,False,False,0.0
Chartspotting,3,1.0,0.33,3,1,1,0,False,False,0.33
Chikodi,24,1.46,0.33,35,8,4,0,False,False,0.17
CipherHaderach,1,1.0,0.0,1,0,0,0,False,False,0.0
CircleUp,2,2.0,0.0,4,0,0,0,False,False,0.0
CliptoneApp,1,2.0,0.0,2,0,0,0,False,False,0.0
ConradEgusa,9,2.56,0.67,23,6,3,0,False,False,0.33
Cookie,11,1.64,0.18,18,2,1,0,False,False,0.09
CortneyJordan4,1,2.0,0.0,2,0,0,0,False,False,0.0
Cumulonimbus_ca,1,1.0,0.0,1,0,0,0,False,False,0.0
CynthiaSchames,2,6.0,2.5,12,5,2,0,False,False,1.0
DanReich,1,1.0,0.0,1,0,0,0,False,False,0.0
DanielleGeva,6,2.5,0.17,15,1,1,0,False,False,0.17
DanielleMorrill,3,2.67,0.67,8,2,2,0,False,False,0.67
DelivrToMe,1,2.0,1.0,2,1,1,0,False,False,1.0
Designbookcom,1,1.0,0.0,1,0,0,0,False,False,0.0
DigitalWoman,1,6.0,1.0,6,1,1,0,False,False,1.0
DougCraver,1,1.0,0.0,1,0,0,0,False,False,0.0
DouglasGan,1,1.0,0.0,1,0,0,0,False,False,0.0
Drew_am_I,1,2.0,0.0,2,0,0,0,False,False,0.0
DustinWStout,1,0.0,0.0,0,0,0,0,False,False,0.0
EAWharton,47,2.79,1.83,131,86,18,6,False,False,0.38
EDWARDPURISKI,1,1.0,0.0,1,0,0,0,False,False,0.0
Ecquios,1,1.0,1.0,1,1,1,0,False,False,1.0
EleanorHaas,1,1.0,0.0,1,0,0,0,False,False,0.0
EllieAsksWhy,1,0.0,1.0,0,1,1,0,False,False,1.0
EricFriedman,5,2.8,0.0,14,0,0,0,False,True,0.0
Everette,19,7.68,1.0,146,19,7,1,False,False,0.37
FMEextension,1,1.0,0.0,1,0,0,0,False,False,0.0
FakeValley,57,1.58,0.26,90,15,9,0,False,False,0.16
FeyChrisfey,1,1.0,0.0,1,0,0,0,False,False,0.0
FictiveCameron,2,2.0,0.0,4,0,0,0,False,False,0.0
FiftyApp,2,1.0,0.0,2,0,0,0,False,False,0.0
Flooting_game,1,1.0,0.0,1,0,0,0,False,False,0.0
FundersClub,3,2.33,1.33,7,4,1,0,False,False,0.33
GameMaster2014,1,1.0,0.0,1,0,0,0,False,False,0.0
GeoffreyWeg,10,4.5,3.3,45,33,5,3,False,False,0.5
GeorgeDearing,5,1.6,0.6,8,3,1,0,False,False,0.2
Get_Scorecard,2,1.5,0.0,3,0,0,0,False,False,0.0
GlobeconTweets,1,2.0,0.0,2,0,0,0,False,False,0.0
GreenGremlim,1,1.0,1.0,1,1,1,0,False,False,1.0
HPY,2,3.5,1.5,7,3,2,0,False,False,1.0
HWTrek,1,3.0,0.0,3,0,0,0,False,False,0.0
HanaAbaza,1,6.0,3.0,6,3,1,0,False,False,1.0
HarrisonWeber,47,6.0,1.74,282,82,27,4,False,False,0.57
HoodaSaurabh,1,6.0,2.0,6,2,1,0,False,False,1.0
HtMcBub,7,3.0,1.0,21,7,5,0,False,False,0.71
HubStaff,1,2.0,0.0,2,0,0,0,False,False,0.0
ICdotCom,2,2.0,0.0,4,0,0,0,False,False,0.0
Informedtrades,1,1.0,0.0,1,0,0,0,False,False,0.0
Instamour,1,1.0,1.0,1,1,1,0,False,False,1.0
IshanPuri2,1,1.0,0.0,1,0,0,0,False,False,0.0
JDSupra,1,2.0,0.0,2,0,0,0,False,False,0.0
JHowardBoudinet,2,2.5,0.5,5,1,1,0,False,False,0.5
JasonGelman,4,3.75,0.75,15,3,2,0,False,False,0.5
JayDengVC,1,1.0,0.0,1,0,0,0,False,False,0.0
JaysonFeltner,20,1.35,0.4,27,8,5,0,False,False,0.25
JennerSophia,1,1.0,0.0,1,0,0,0,False,False,0.0
Jessie_Arora,2,0.5,0.0,1,0,0,0,False,False,0.0
JilioRyan,7,1.0,0.0,7,0,0,0,False,False,0.0
Jishai,3,2.0,0.67,6,2,1,0,False,False,0.33
Jmartens,1,1.0,0.0,1,0,0,0,False,False,0.0
Jobvo,1,1.0,0.0,1,0,0,0,False,False,0.0
JohnFRevay,1,1.0,0.0,1,0,0,0,False,False,0.0
JoshMaher,2,1.0,0.0,2,0,0,0,False,False,0.0
JoshuaLopour,4,10.25,0.25,41,1,1,0,False,False,0.25
Kaleemahmad5S22,2,1.0,0.0,2,0,0,0,False,False,0.0
KenyanRandrews,1,1.0,0.0,1,0,0,0,False,False,0.0
KolinaCicero,3,1.0,0.0,3,0,0,0,False,False,0.0
KyleBanuelos,5,11.6,0.4,58,2,1,0,False,False,0.2
KyleMcCarthyism,1,2.0,0.0,2,0,0,0,False,False,0.0
L1AD,19,4.32,6.79,82,129,17,8,False,False,0.89
LLCReform,1,6.0,0.0,6,0,0,0,False,False,0.0
LeventCemAydan,1,1.0,0.0,1,0,0,0,False,False,0.0
Lewwwk,1,1.0,0.0,1,0,0,0,False,False,0.0
LoadImpact,1,6.0,0.0,6,0,0,0,False,False,0.0
LonnyLot,21,3.05,1.67,64,35,11,2,False,False,0.52
LucasDailey,1,4.0,0.0,4,0,0,0,False,False,0.0
LukiBerlin,1,2.0,16.0,2,16,1,1,False,False,1.0
MJB_SF,1,7.0,1.0,7,1,1,0,False,False,1.0
MagemelloMario,1,1.0,0.0,1,0,0,0,False,False,0.0
MandyIWalker,1,22.0,2.0,22,2,1,0,False,False,1.0
MarcosMoralez,1,1.0,3.0,1,3,1,0,False,False,1.0
Marinperez,15,1.0,0.13,15,2,1,0,False,False,0.07
MarketingTechIQ,1,9.0,0.0,9,0,0,0,False,False,0.0
MassimoCw,2,2.5,0.5,5,1,1,0,False,False,0.5
Mattermark,1,1.0,0.0,1,0,0,0,False,False,0.0
Matthew_Reid,1,1.0,0.0,1,0,0,0,False,False,0.0
MeridocDaines,2,0.5,0.0,1,0,0,0,False,False,0.0
MerkleMerkle,1,1.0,0.0,1,0,0,0,False,False,0.0
Meshlakhani,2,2.5,0.5,5,1,1,0,False,False,0.5
MichealMartin,1,1.0,0.0,1,0,0,0,False,False,0.0
MikeAdeleke,1,1.0,0.0,1,0,0,0,False,False,0.0
Moblized,4,7.25,0.0,29,0,0,0,False,False,0.0
MsPseudolus,15,4.2,6.33,63,95,9,4,False,False,0.6
NTmoney,5,1.2,0.0,6,0,0,0,False,False,0.0
NYC_StartupGrrl,5,4.0,0.0,20,0,0,0,False,False,0.0
NYStartupLab,1,4.0,0.0,4,0,0,0,False,False,0.0
N_Clemmons,12,1.5,1.17,18,14,3,1,False,False,0.25
Naterock101,1,1.0,0.0,1,0,0,0,False,False,0.0
Nivo0o0,4,1.5,1.5,6,6,2,0,False,False,0.5
OAuth_io,2,7.0,0.0,14,0,0,0,False,False,0.0
OguzSerdar,1,8.0,2.0,8,2,1,0,False,False,1.0
OnlineChat5,1,1.0,0.0,1,0,0,0,False,False,0.0
Orientadorweb,2,1.0,0.0,2,0,0,0,False,False,0.0
PaintSprayerEL,1,1.0,0.0,1,0,0,0,False,False,0.0
Petalbumnet,1,1.0,2.0,1,2,1,0,False,False,1.0
PeterKimFrank,1,4.0,5.0,4,5,1,1,False,False,1.0
PhilDeMoss,1,1.0,0.0,1,0,0,0,False,False,0.0
PrashobMenon,2,1.5,0.0,3,0,0,0,False,False,0.0
Prijector,1,27.0,0.0,27,0,0,0,False,False,0.0
QuantSavvy,1,1.0,2.0,1,2,1,0,False,False,1.0
RARADESIGN,1,1.0,0.0,1,0,0,0,False,False,0.0
RCharlesWhite,1,1.0,0.0,1,0,0,0,False,False,0.0
REFVerify,1,1.0,0.0,1,0,0,0,False,False,0.0
R_Foucault,2,3.0,0.0,6,0,0,0,False,False,0.0
RealAlexfortin,5,1.2,0.0,6,0,0,0,False,False,0.0
RezaC1,162,3.2,0.3,519,48,28,1,False,False,0.17
RicardoGarciaAm,1,3.0,0.0,3,0,0,0,False,False,0.0
RiseoftheDEO,1,1.0,0.0,1,0,0,0,False,False,0.0
Robert48033664,2,0.5,0.0,1,0,0,0,False,False,0.0
RockThePost1,6,2.67,0.5,16,3,2,0,False,False,0.33
RoriponC,2,1.0,0.0,2,0,0,0,False,False,0.0
SEOSlides,1,2.0,0.0,2,0,0,0,False,False,0.0
Sami12457812,1,1.0,0.0,1,0,0,0,False,False,0.0
SamreenTayyaba,1,2.0,0.0,2,0,0,0,False,False,0.0
SandersAK,2,2.5,0.0,5,0,0,0,False,False,0.0
Saul_Lieberman,1,2.0,3.0,2,3,1,0,False,False,1.0
ScottABarnett,1,2.0,2.0,2,2,1,0,False,False,1.0
SergeyNazarov,1,3.0,0.0,3,0,0,0,False,False,0.0
SophiaIsla1,1,1.0,0.0,1,0,0,0,False,False,0.0
SparksZilla,2,1.5,0.0,3,0,0,0,False,False,0.0
Stanimiroff,2,1.0,0.0,2,0,0,0,False,False,0.0
StefanoZorzi,2,1.5,1.0,3,2,1,0,False,False,0.5
StevanPopo,1,1.0,0.0,1,0,0,0,False,False,0.0
Stevevargerson,2,1.0,0.0,2,0,0,0,False,False,0.0
StreetEYE,2,5.5,2.5,11,5,2,0,False,False,1.0
StrictlyVC,8,1.25,0.0,10,0,0,0,False,False,0.0
SusiGroh,1,2.0,0.0,2,0,0,0,False,False,0.0
SwiftAlphaOne,2,8.0,1.5,16,3,1,0,False,False,0.5
THE_REAL_MOOT,1,1.0,0.0,1,0,0,0,False,False,0.0
Talentral,1,2.0,0.0,2,0,0,0,False,False,0.0
TanyaPrive1,1,0.0,0.0,0,0,0,0,False,False,0.0
TeachingAway,2,2.0,0.5,4,1,1,0,False,False,0.5
TeamgumHQ,1,1.0,0.0,1,0,0,0,False,False,0.0
Teemu,2,4.0,0.5,8,1,1,0,False,False,0.5
TheVaunter,1,1.0,0.0,1,0,0,0,False,False,0.0
TheZainPasha,1,2.0,0.0,2,0,0,0,False,False,0.0
ThisIsJoshVarty,1,1.0,0.0,1,0,0,0,False,False,0.0
TimOsterbuhr,1,2.0,0.0,2,0,0,0,False,False,0.0
TomLabus,294,1.54,0.47,453,137,55,8,False,False,0.19
TomLimongello,2,1.5,0.0,3,0,0,0,False,False,0.0
TravelinTweeter,3,2.0,0.33,6,1,1,0,False,False,0.33
TrevorHLynn,1,2.0,0.0,2,0,0,0,False,False,0.0
TrishKundla,1,1.0,0.0,1,0,0,0,False,False,0.0
TsaikhEn,1,1.0,2.0,1,2,1,0,False,False,1.0
UnethicalHacks,1,2.0,0.0,2,0,0,0,False,False,0.0
VanierRachel,2,2.5,0.0,5,0,0,0,False,False,0.0
VaughnBlake,1,2.0,0.0,2,0,0,0,False,False,0.0
Veruschia,2,2.5,0.0,5,0,0,0,False,False,0.0
VideoStir,2,1.0,0.0,2,0,0,0,False,False,0.0
Vintage141,3,2.67,1.33,8,4,2,0,False,False,0.67
Wampler1980,1,1.0,0.0,1,0,0,0,False,False,0.0
Werner,1,6.0,2.0,6,2,1,0,False,False,1.0
Wishberry_in,1,1.0,1.0,1,1,1,0,False,False,1.0
Yaniv_Navot,6,1.33,0.17,8,1,1,0,False,False,0.17
YeleBademosi,1,1.0,0.0,1,0,0,0,False,False,0.0
ZReitano,3,8.67,13.67,26,41,3,2,False,False,1.0
ZachTest4,9,1.0,0.0,9,0,0,0,False,False,0.0
Zawalsky,2,1.0,0.0,2,0,0,0,False,False,0.0
_DanFriedman,2,4.5,2.0,9,4,1,0,False,False,0.5
__ishaan,1,34.0,0.0,34,0,0,0,False,False,0.0
__nil,1,4.0,0.0,4,0,0,0,False,False,0.0
_mcarroll_,1,1.0,0.0,1,0,0,0,False,False,0.0
_pius,1,2.0,0.0,2,0,0,0,False,False,0.0
_trendspotter,25,2.2,1.44,55,36,8,2,False,False,0.32
_zachary,8,1.25,0.0,10,0,0,0,False,False,0.0
abdallahalhakim,32,1.41,0.22,45,7,5,0,False,False,0.16
abestanway,1,1.0,0.0,1,0,0,0,False,False,0.0
acremades,34,2.85,0.09,97,3,2,0,False,False,0.06
adafruit,1,2.0,0.0,2,0,0,0,False,False,0.0
adamklaff,1,16.0,12.0,16,12,1,1,False,False,1.0
adamludwin,1,4.0,2.0,4,2,1,0,False,False,1.0
adamquinton,1,5.0,5.0,5,5,1,1,False,False,1.0
adatta02,2,2.0,0.0,4,0,0,0,False,False,0.0
adisimone,1,2.0,2.0,2,2,1,0,False,False,1.0
adrianh,1,1.0,0.0,1,0,0,0,False,False,0.0
adrianscottcom,2,3.5,4.0,7,8,2,1,False,False,1.0
adsy_me,12,2.17,2.75,26,33,5,1,False,False,0.42
afwentz,5,6.6,0.4,33,2,2,0,False,False,0.4
ahemorrhoidfix,1,1.0,0.0,1,0,0,0,False,False,0.0
ajt,2,4.5,1.5,9,3,2,0,False,False,1.0
akennada,1,3.0,0.0,3,0,0,0,False,False,0.0
alanwarms,1,4.0,0.0,4,0,0,0,False,False,0.0
albertwenger,143,3.76,2.97,537,424,56,19,True,True,0.39
alekseykorzun,2,2.0,0.0,4,0,0,0,False,False,0.0
alex_squify,1,1.0,0.0,1,0,0,0,False,False,0.0
alexiskold,2,4.5,4.0,9,8,2,1,False,False,1.0
almccann,24,2.5,1.21,60,29,7,2,False,False,0.29
aminTorres,3,2.0,4.67,6,14,2,2,False,False,0.67
amlewis4,2,2.0,0.5,4,1,1,0,False,False,0.5
andrewcassetti,1,1.0,0.0,1,0,0,0,False,False,0.0
andrewparker,7,1.71,0.0,12,0,0,0,False,False,0.0
andyellwood,1,2.0,0.0,2,0,0,0,False,False,0.0
anigam,2,1.0,0.0,2,0,0,0,False,False,0.0
annelibby,31,3.61,2.58,112,80,12,7,False,False,0.39
annice_t,1,1.0,0.0,1,0,0,0,False,False,0.0
arctictony,1,3.0,0.0,3,0,0,0,False,False,0.0
arikan,1,2.0,1.0,2,1,1,0,False,False,1.0
asankhaya,2,1.5,1.5,3,3,1,0,False,False,0.5
asanwal,14,1.93,0.71,27,10,2,1,False,False,0.14
asknbid,1,1.0,0.0,1,0,0,0,False,False,0.0
athomasq,1,3.0,1.0,3,1,1,0,False,False,1.0
avlidienbrunn,1,1.0,0.0,1,0,0,0,False,False,0.0
avneeshk91,2,3.5,3.0,7,6,2,0,False,False,1.0
awaldstein,19,3.26,2.05,62,39,7,3,False,False,0.37
aweissman,452,3.23,1.52,1461,687,194,45,True,True,0.43
aztecmanager,1,2.0,6.0,2,6,1,1,False,False,1.0
badboyboyce,5,2.2,0.6,11,3,2,0,False,False,0.4
ballaballinger,2,6.0,4.5,12,9,2,1,False,False,1.0
ballmatthew,5,1.6,0.4,8,2,2,0,False,False,0.4
batnasan06,2,1.5,1.5,3,3,1,0,False,False,0.5
bcem22,1,3.0,1.0,3,1,1,0,False,False,1.0
bcmanning,1,6.0,4.0,6,4,1,0,False,False,1.0
ben_mathes,1,2.0,1.0,2,1,1,0,False,False,1.0
benln,2,3.5,1.5,7,3,1,0,False,False,0.5
bennypage,1,2.0,2.0,2,2,1,0,False,False,1.0
benwerd,1,3.0,0.0,3,0,0,0,False,False,0.0
bfeld,42,3.98,1.19,167,50,14,6,False,False,0.33
bharath_mohan,1,3.0,0.0,3,0,0,0,False,False,0.0
bijan,1,17.0,10.0,17,10,1,1,False,False,1.0
billmcneely,98,2.31,1.31,226,128,26,4,False,False,0.27
blairmacgregor,1,1.0,0.0,1,0,0,0,False,False,0.0
blibonline,1,3.0,0.0,3,0,0,0,False,False,0.0
borismsilver,1,3.0,1.0,3,1,1,0,False,False,1.0
bpedro,8,2.0,0.25,16,2,1,0,False,False,0.12
bpmilne,4,6.75,2.25,27,9,3,1,False,False,0.75
br_ttany,79,2.95,0.91,233,72,21,6,True,True,0.27
brianazzopardi,1,9.0,0.0,9,0,0,0,False,False,0.0
bsoist,1,1.0,2.0,1,2,1,0,False,False,1.0
bthdonohue,1,3.0,0.0,3,0,0,0,False,False,0.0
bwats,99,3.28,1.9,325,188,36,15,False,True,0.36
bwertz,9,7.11,2.67,64,24,6,3,False,False,0.67
byosko,1,6.0,8.0,6,8,1,1,False,False,1.0
c2prods,1,5.0,5.0,5,5,1,1,False,False,1.0
caithrin,1,0.0,0.0,0,0,0,0,False,False,0.0
cammacrae,16,3.44,2.06,55,33,7,2,False,False,0.44
candiceclark91,18,1.17,0.0,21,0,0,0,False,False,0.0
catfitz,1,3.0,0.0,3,0,0,0,False,False,0.0
cavepainting,1,0.0,0.0,0,0,0,0,False,False,0.0
cballou,2,7.5,0.0,15,0,0,0,False,False,0.0
ceonyc,5,0.0,0.0,0,0,0,0,False,True,0.0
cezinho,6,2.67,2.33,16,14,3,1,False,False,0.5
championsyedm,4,0.75,0.5,3,2,1,0,False,False,0.25
chintan39,2,1.0,0.0,2,0,0,0,False,False,0.0
christinacaci,17,3.88,2.53,66,43,8,3,False,True,0.47
christinamchoi,6,5.83,2.0,35,12,3,2,False,False,0.5
chrito,1,1.0,0.0,1,0,0,0,False,False,0.0
ciaranoleary,1,3.0,5.0,3,5,1,1,False,False,1.0
ckurdziel,3,4.0,4.0,12,12,2,1,False,False,0.67
clipperhouse,1,1.0,0.0,1,0,0,0,False,False,0.0
cloudswave1,10,0.8,0.0,8,0,0,0,False,False,0.0
cnivolle,3,2.67,0.0,8,0,0,0,False,False,0.0
coachwizard,1,1.0,6.0,1,6,1,1,False,False,1.0
coinfabrik,5,1.2,0.0,6,0,0,0,False,False,0.0
coreyeastman,1,1.0,0.0,1,0,0,0,False,False,0.0
craigtech,1,1.0,0.0,1,0,0,0,False,False,0.0
d_petz,3,1.0,0.0,3,0,0,0,False,False,0.0
d_ramsden,18,1.78,0.67,32,12,6,1,False,False,0.33
dancow,1,1.0,0.0,1,0,0,0,False,False,0.0
danieljones,1,1.0,0.0,1,0,0,0,False,False,0.0
dankaplan,2,1.0,0.0,2,0,0,0,False,False,0.0
danshipper,1,1.0,0.0,1,0,0,0,False,False,0.0
darkchyld88,1,1.0,0.0,1,0,0,0,False,False,0.0
darsolD,1,1.0,0.0,1,0,0,0,False,False,0.0
daryn,1,5.0,0.0,5,0,0,0,False,False,0.0
databigbang,219,1.31,0.21,286,47,28,2,False,False,0.13
daualset,7,2.14,0.29,15,2,2,0,False,False,0.29
davealevine,1,4.0,0.0,4,0,0,0,False,False,0.0
davefontenot,7,3.86,1.57,27,11,4,1,False,False,0.57
davehyndman,16,2.38,1.12,38,18,7,1,False,False,0.44
davemcclure,1,5.0,0.0,5,0,0,0,False,False,0.0
davewiner,7,3.71,3.57,26,25,5,2,False,False,0.71
daveying99,2,1.5,1.0,3,2,1,0,False,False,0.5
davidfeldt,2,1.0,0.0,2,0,0,0,False,False,0.0
davidfine,1,1.0,0.0,1,0,0,0,False,False,0.0
davidryal,1,2.0,0.0,2,0,0,0,False,False,0.0
deancollins,1,1.0,0.0,1,0,0,0,False,False,0.0
deepakravindran,1,1.0,0.0,1,0,0,0,False,False,0.0
demibrener,2,1.5,0.0,3,0,0,0,False,False,0.0
devinfosolutio1,1,1.0,0.0,1,0,0,0,False,False,0.0
dianeloviglio,1,2.0,2.0,2,2,1,0,False,False,1.0
digital_mrkting,2,1.0,0.0,2,0,0,0,False,False,0.0
digitalmarks,2,1.5,0.0,3,0,0,0,False,False,0.0
digitalwaveride,1,6.0,0.0,6,0,0,0,False,False,0.0
diymanik,5,1.2,0.0,6,0,0,0,False,False,0.0
djkn0x,3,6.67,2.67,20,8,2,0,False,False,0.67
dkaknes,1,0.0,0.0,0,0,0,0,False,False,0.0
dmitric,3,3.0,1.0,9,3,2,0,False,False,0.67
dnevogt,2,1.0,0.0,2,0,0,0,False,False,0.0
donnawhite,5,2.4,1.4,12,7,2,1,False,False,0.4
doof,2,2.0,1.0,4,2,1,0,False,False,0.5
dotmanish,1,5.0,3.0,5,3,1,0,False,False,1.0
drewmeyers,22,2.18,0.91,48,20,7,2,False,False,0.32
dsaezgil,1,2.0,0.0,2,0,0,0,False,False,0.0
dzello,2,7.0,0.5,14,1,1,0,False,False,0.5
eCash_com,1,1.0,0.0,1,0,0,0,False,False,0.0
eastdakota,2,6.0,1.5,12,3,2,0,False,False,1.0
ebellity,10,4.2,2.2,42,22,6,2,False,False,0.6
ediggs,3,1.67,0.33,5,1,1,0,False,False,0.33
edouardb_,1,1.0,0.0,1,0,0,0,False,False,0.0
ejo0,1,4.0,2.0,4,2,1,0,False,False,1.0
ekrubnivek,1,2.0,0.0,2,0,0,0,False,False,0.0
eliajf,2,2.0,2.0,4,4,1,0,False,False,0.5
eliotpierce,1,4.0,1.0,4,1,1,0,False,False,1.0
elvisds,2,2.5,1.0,5,2,1,0,False,False,0.5
equartey,1,2.0,0.0,2,0,0,0,False,False,0.0
ericelias,1,2.0,0.0,2,0,0,0,False,False,0.0
ericxtang,1,8.0,1.0,8,1,1,0,False,False,1.0
erlich,3,3.0,2.0,9,6,1,1,False,False,0.33
esayasg,1,1.0,0.0,1,0,0,0,False,False,0.0
eschuman,1,1.0,0.0,1,0,0,0,False,False,0.0
estherschindler,85,2.55,0.12,217,10,7,0,False,False,0.08
evan_van_ness,3,1.33,0.0,4,0,0,0,False,False,0.0
evgenktulu,5,1.2,1.2,6,6,1,1,False,False,0.2
extendNYC,1,1.0,0.0,1,0,0,0,False,False,0.0
falicon,58,3.83,4.26,222,247,30,12,False,False,0.52
famolari,10,2.8,0.7,28,7,4,0,False,False,0.4
fanez187,2,1.0,0.5,2,1,1,0,False,False,0.5
fazz,2,0.5,0.0,1,0,0,0,False,False,0.0
felixclack,1,1.0,0.0,1,0,0,0,False,False,0.0
fendien,1,2.0,0.0,2,0,0,0,False,False,0.0
forrestblount,2,2.0,1.0,4,2,1,0,False,False,0.5
fpalumbo,1,1.0,0.0,1,0,0,0,False,False,0.0
fractastical,1,3.0,0.0,3,0,0,0,False,False,0.0
francescgo,1,1.0,0.0,1,0,0,0,False,False,0.0
francoismat,23,2.65,0.74,61,17,7,1,False,False,0.3
fransreijnhoudt,1,1.0,0.0,1,0,0,0,False,False,0.0
fraser,1,12.0,16.0,12,16,1,1,False,False,1.0
fredrikarnander,3,2.33,0.33,7,1,1,0,False,False,0.33
fredwilson,542,3.43,1.46,1860,791,209,43,True,True,0.39
furilo,7,2.86,0.86,20,6,3,0,False,False,0.43
gameguy43,1,1.0,0.0,1,0,0,0,False,False,0.0
gaoprea,1,1.0,0.0,1,0,0,0,False,False,0.0
garychou,18,8.89,4.0,160,72,9,3,False,True,0.5
gaurabhmathure,1,1.0,0.0,1,0,0,0,False,False,0.0
gbattle,3,4.33,7.67,13,23,1,1,False,False,0.33
georgevaldes,2,2.0,1.5,4,3,2,0,False,False,1.0
gerstenzang,3,2.0,0.33,6,1,1,0,False,False,0.33
getAstu,2,1.5,0.5,3,1,1,0,False,False,0.5
getmetacos,1,1.0,0.0,1,0,0,0,False,False,0.0
getsnapcode,1,1.0,0.0,1,0,0,0,False,False,0.0
ggrinch,1,1.0,0.0,1,0,0,0,False,False,0.0
giffco,1,1.0,0.0,1,0,0,0,False,False,0.0
gillianarca,1,13.0,2.0,13,2,1,0,False,False,1.0
gillianim,1,8.0,4.0,8,4,1,0,False,False,1.0
glerouge,4,2.75,5.25,11,21,3,2,False,False,0.75
gphil,1,1.0,0.0,1,0,0,0,False,False,0.0
grapplica,1,5.0,3.0,5,3,1,0,False,False,1.0
graubart,2,6.0,2.5,12,5,2,0,False,False,1.0
greatsbrand,1,2.0,0.0,2,0,0,0,False,False,0.0
greenido,1,2.0,1.0,2,1,1,0,False,False,1.0
gregkieser,1,0.0,0.0,0,0,0,0,False,False,0.0
gregneuf,5,2.2,0.2,11,1,1,0,False,False,0.2
gripper,3,1.0,0.33,3,1,1,0,False,False,0.33
gtunc83,3,5.33,0.67,16,2,2,0,False,False,0.67
gubatron,1,1.0,0.0,1,0,0,0,False,False,0.0
guygamzu,1,2.0,3.0,2,3,1,0,False,False,1.0
hal_incandenza_,1,1.0,0.0,1,0,0,0,False,False,0.0
hausdorff_space,1,1.0,0.0,1,0,0,0,False,False,0.0
hauspoor,1,5.0,4.0,5,4,1,0,False,False,1.0
hershberg,6,3.33,1.17,20,7,3,1,False,False,0.5
heydjeff,2,3.5,1.0,7,2,1,0,False,False,0.5
heyitscb,1,1.0,0.0,1,0,0,0,False,False,0.0
hiltym,1,3.0,0.0,3,0,0,0,False,False,0.0
hoverink,1,1.0,0.0,1,0,0,0,False,False,0.0
hs_parikh,1,4.0,7.0,4,7,1,1,False,False,1.0
hughesmatt,47,1.34,0.17,63,8,4,0,False,False,0.09
hullsean,23,1.65,0.04,38,1,1,0,False,False,0.04
hunterwalk,13,4.15,1.62,54,21,7,1,False,False,0.54
hymanroth,7,2.14,0.86,15,6,3,0,False,False,0.43
iandylee,1,2.0,0.0,2,0,0,0,False,False,0.0
ianlandsman,1,0.0,0.0,0,0,0,0,False,False,0.0
igvadaimon,1,1.0,0.0,1,0,0,0,False,False,0.0
ikirigin,10,2.0,0.2,20,2,1,0,False,False,0.1
imEpicster,1,1.0,0.0,1,0,0,0,False,False,0.0
immad,1,3.0,0.0,3,0,0,0,False,False,0.0
imranghory,5,1.4,0.0,7,0,0,0,False,False,0.0
inanebanter,1,1.0,0.0,1,0,0,0,False,False,0.0
inetcorp,1,1.0,0.0,1,0,0,0,False,False,0.0
internet_music,1,1.0,0.0,1,0,0,0,False,False,0.0
ippisl,2,2.5,0.5,5,1,1,0,False,False,0.5
iptiam,2,1.5,0.0,3,0,0,0,False,False,0.0
irvinkovar,1,1.0,0.0,1,0,0,0,False,False,0.0
ismangil,2,2.0,0.0,4,0,0,0,False,False,0.0
j10,1,2.0,0.0,2,0,0,0,False,False,0.0
jamiew,2,8.5,2.5,17,5,2,0,False,False,1.0
javier,1,0.0,3.0,0,3,1,0,False,False,1.0
jayadev_g,1,1.0,0.0,1,0,0,0,False,False,0.0
jeberly,1,1.0,1.0,1,1,1,0,False,False,1.0
jeromegentolia,2,2.0,0.0,4,0,0,0,False,False,0.0
jffwng,1,2.0,0.0,2,0,0,0,False,False,0.0
jfrankel13,1,5.0,5.0,5,5,1,1,False,False,1.0
jimhirshfield,3,2.33,0.33,7,1,1,0,False,False,0.33
jimmyliu,1,3.0,0.0,3,0,0,0,False,False,0.0
jindersidhu,1,3.0,0.0,3,0,0,0,False,False,0.0
jjude,12,1.67,0.42,20,5,4,0,False,False,0.33
jmankuria,1,2.0,0.0,2,0,0,0,False,False,0.0
jmilinovich,1,1.0,0.0,1,0,0,0,False,False,0.0
jmonegro,178,2.47,0.87,440,154,57,11,True,True,0.32
jmsdnns,10,2.4,0.6,24,6,2,0,False,False,0.2
joelandren,2,7.5,12.0,15,24,1,1,False,False,0.5
joewallin,1,1.0,0.0,1,0,0,0,False,False,0.0
joeyvalente,1,9.0,2.0,9,2,1,0,False,False,1.0
johnbuttrick,33,3.03,1.42,100,47,14,2,True,True,0.42
johnfazzolari,5,4.2,3.0,21,15,2,1,False,False,0.4
jonbishop,1,2.0,0.0,2,0,0,0,False,False,0.0
jonmarkgo,1,2.0,2.0,2,2,1,0,False,False,1.0
jontonsoup98,3,3.33,1.33,10,4,2,0,False,False,0.67
jordancooper,7,5.57,6.57,39,46,4,2,False,False,0.57
jorgemtorres,4,2.5,0.5,10,2,2,0,False,False,0.5
jorilallo,2,3.0,1.0,6,2,1,0,False,False,0.5
josh_nussbaum,1,2.0,0.0,2,0,0,0,False,False,0.0
jrlevine,1,3.0,0.0,3,0,0,0,False,False,0.0
jsh2134,1,1.0,0.0,1,0,0,0,False,False,0.0
jsoffen,9,2.67,0.44,24,4,4,0,False,False,0.44
juanradiaz,3,2.67,0.0,8,0,0,0,False,False,0.0
julien51,21,2.24,1.57,47,33,7,2,False,False,0.33
kWIQly,1,1.0,0.0,1,0,0,0,False,False,0.0
kaigani,4,1.25,0.25,5,1,1,0,False,False,0.25
kchau,1,1.0,0.0,1,0,0,0,False,False,0.0
kcline6,12,2.0,0.42,24,5,3,0,False,False,0.25
kennycheny,1,11.0,0.0,11,0,0,0,False,False,0.0
kev_t_hill,2,3.0,1.5,6,3,1,0,False,False,0.5
kidmercury,277,1.95,0.94,541,260,81,17,False,False,0.29
kirillzubovsky,1,1.0,0.0,1,0,0,0,False,False,0.0
kirklove,16,3.75,1.75,60,28,3,2,False,False,0.19
kirtan,1,1.0,0.0,1,0,0,0,False,False,0.0
km,1,5.0,2.0,5,2,1,0,False,False,1.0
krismayaka,2,2.5,0.5,5,1,1,0,False,False,0.5
kunaalarya,5,2.6,0.2,13,1,1,0,False,False,0.2
lately,1,2.0,0.0,2,0,0,0,False,False,0.0
laurenolerich,1,3.0,0.0,3,0,0,0,False,False,0.0
laurenzwiebel9,1,1.0,0.0,1,0,0,0,False,False,0.0
lauriekalmanson,1,3.0,0.0,3,0,0,0,False,False,0.0
leoplct,2,0.0,0.0,0,0,0,0,False,False,0.0
leotraderforex,1,1.0,1.0,1,1,1,0,False,False,1.0
letsfixtheworld,1,5.0,0.0,5,0,0,0,False,False,0.0
leythdhawadi,1,1.0,2.0,1,2,1,0,False,False,1.0
libovness,89,2.21,1.58,197,141,32,9,True,True,0.36
lincolnmurphy,48,2.98,0.1,143,5,4,0,False,False,0.08
lorakolodny,1,4.0,2.0,4,2,1,0,False,False,1.0
lukestokes,1,6.0,4.0,6,4,1,0,False,False,1.0
magoldman,4,3.25,0.0,13,0,0,0,False,False,0.0
manfred_karrer,2,3.0,1.5,6,3,2,0,False,False,1.0
manuelmolina,6,3.33,2.83,20,17,5,1,False,False,0.83
marcmenen,1,1.0,0.0,1,0,0,0,False,False,0.0
mariano62,1,1.0,0.0,1,0,0,0,False,False,0.0
markzohar,4,2.25,0.0,9,0,0,0,False,False,0.0
martinshen,3,3.0,0.33,9,1,1,0,False,False,0.33
marvindanig,1,6.0,2.0,6,2,1,0,False,False,1.0
matsutanitadaok,1,1.0,0.0,1,0,0,0,False,False,0.0
mattamyers,8,1.88,1.25,15,10,3,1,False,False,0.38
mattcantstop,1,1.0,0.0,1,0,0,0,False,False,0.0
matthewtarr,2,2.0,0.0,4,0,0,0,False,False,0.0
mattlangan,1,1.0,0.0,1,0,0,0,False,False,0.0
maxua,2,2.5,1.0,5,2,1,0,False,False,0.5
mcielecki,1,2.0,0.0,2,0,0,0,False,False,0.0
mcuasay,1,1.0,0.0,1,0,0,0,False,False,0.0
mdeiters,3,4.67,0.33,14,1,1,0,False,False,0.33
mfishbein,26,2.42,0.81,63,21,8,2,False,False,0.31
mhdempsey,4,3.0,0.25,12,1,1,0,False,False,0.25
mhills5340,1,5.0,1.0,5,1,1,0,False,False,1.0
mickey_graham,2,3.5,1.0,7,2,2,0,False,False,1.0
mikecollett,24,1.58,0.25,38,6,2,0,False,False,0.08
mikeriddell62,1,3.0,2.0,3,2,1,0,False,False,1.0
milesgrimshaw,2,8.0,15.0,16,30,1,1,False,False,0.5
minimaxir,1,2.0,0.0,2,0,0,0,False,False,0.0
mmakunas,1,5.0,0.0,5,0,0,0,False,False,0.0
mobiusbobs,1,1.0,0.0,1,0,0,0,False,False,0.0
moeadham,1,1.0,0.0,1,0,0,0,False,False,0.0
moot,10,6.2,3.7,62,37,8,4,False,False,0.8
morganb,3,6.33,0.33,19,1,1,0,False,False,0.33
morgantepell,1,3.0,0.0,3,0,0,0,False,False,0.0
moritzplassnig,2,3.5,0.0,7,0,0,0,False,False,0.0
mquirion,1,1.0,0.0,1,0,0,0,False,False,0.0
ms,2,3.0,1.5,6,3,1,0,False,False,0.5
msg,26,3.73,1.85,97,48,17,3,False,False,0.65
muneeb,4,4.75,6.0,19,24,1,1,False,False,0.25
muratny,1,3.0,2.0,3,2,1,0,False,False,1.0
muthu_bharathi,1,6.0,0.0,6,0,0,0,False,False,0.0
nakul,1,1.0,0.0,1,0,0,0,False,False,0.0
natasha__iman,1,8.0,0.0,8,0,0,0,False,False,0.0
natelately,1,3.0,2.0,3,2,1,0,False,False,1.0
nbt,1,6.0,5.0,6,5,1,1,False,False,1.0
nchirls,1,3.0,1.0,3,1,1,0,False,False,1.0
nehalm,1,21.0,3.0,21,3,1,0,False,False,1.0
nektra,29,1.24,0.07,36,2,2,0,False,False,0.07
new_techie,1,2.0,0.0,2,0,0,0,False,False,0.0
newhaircutco,23,1.26,0.13,29,3,2,0,False,False,0.09
newmediaclay,1,1.0,0.0,1,0,0,0,False,False,0.0
newrulesinvest,1,1.0,0.0,1,0,0,0,False,False,0.0
nickgrossman,295,3.18,2.19,939,647,127,37,True,True,0.43
niknir,1,1.0,0.0,1,0,0,0,False,False,0.0
nikrao,4,2.0,0.25,8,1,1,0,False,False,0.25
ninan99,9,1.33,0.33,12,3,2,0,False,False,0.22
nitinmittal,1,1.0,0.0,1,0,0,0,False,False,0.0
noah_weiss,2,6.5,0.0,13,0,0,0,False,False,0.0
nsbarr,1,1.0,0.0,1,0,0,0,False,False,0.0
nsftopstconvert,1,1.0,0.0,1,0,0,0,False,False,0.0
ntippmann,1,2.0,0.0,2,0,0,0,False,False,0.0
nullyn,1,1.0,0.0,1,0,0,0,False,False,0.0
omarqari,1,8.0,1.0,8,1,1,0,False,False,1.0
oneMchallenge,1,0.0,0.0,0,0,0,0,False,False,0.0
osetinsky,1,6.0,6.0,6,6,1,1,False,False,1.0
p_ngu,4,2.0,0.0,8,0,0,0,False,False,0.0
papadimitriou,7,2.57,0.71,18,5,1,1,False,False,0.14
parakhsaurab,2,1.0,0.0,2,0,0,0,False,False,0.0
patrickjmorris,11,3.09,2.73,34,30,5,2,False,False,0.45
peteramckay,2,2.0,0.0,4,0,0,0,False,False,0.0
peterrojas,1,6.0,4.0,6,4,1,0,False,False,1.0
peteyL,1,6.0,0.0,6,0,0,0,False,False,0.0
petkanics,1,2.0,1.0,2,1,1,0,False,False,1.0
petrikajander,2,1.5,0.0,3,0,0,0,False,False,0.0
philipbrown,14,1.79,0.79,25,11,4,0,False,False,0.29
pingupceo,1,1.0,0.0,1,0,0,0,False,False,0.0
pointsnfigures,574,1.55,0.47,891,267,96,16,False,False,0.17
ppearlman,11,3.27,3.73,36,41,3,2,False,False,0.27
pranavpiyush,1,1.0,0.0,1,0,0,0,False,False,0.0
pressat,1,1.0,0.0,1,0,0,0,False,False,0.0
pyjamastartups,8,1.5,0.62,12,5,2,0,False,False,0.25
qawba,1,1.0,0.0,1,0,0,0,False,False,0.0
rahulgchaudhary,2,1.0,0.0,2,0,0,0,False,False,0.0
raj,1,1.0,0.0,1,0,0,0,False,False,0.0
raja,1,2.0,0.0,2,0,0,0,False,False,0.0
raymondlee,3,1.67,0.0,5,0,0,0,False,False,0.0
rbc_nyc,2,1.0,0.0,2,0,0,0,False,False,0.0
realforexsignal,5,1.0,0.8,5,4,1,0,False,False,0.2
recborg,5,3.6,0.4,18,2,1,0,False,False,0.2
recork,1,2.0,2.0,2,2,1,0,False,False,1.0
reece,1,13.0,6.0,13,6,1,1,False,False,1.0
removensftool,1,1.0,0.0,1,0,0,0,False,False,0.0
remyers_,1,5.0,3.0,5,3,1,0,False,False,1.0
restreitinho,2,1.0,0.0,2,0,0,0,False,False,0.0
rikardlinde,4,1.25,0.25,5,1,1,0,False,False,0.25
ro_gupta,3,2.33,1.33,7,4,1,0,False,False,0.33
robertslewis,1,3.0,2.0,3,2,1,0,False,False,1.0
robinAKAroblimo,1,1.0,0.0,1,0,0,0,False,False,0.0
roder,1,8.0,0.0,8,0,0,0,False,False,0.0
ron_miller,68,2.99,0.53,203,36,12,2,False,False,0.18
ronyjacob,1,1.0,0.0,1,0,0,0,False,False,0.0
roryeakin,1,2.0,1.0,2,1,1,0,False,False,1.0
roryreiff,3,10.0,5.67,30,17,1,1,False,False,0.33
rrhoover,14,3.79,2.43,53,34,9,3,False,False,0.64
rrohan189,3,2.33,0.33,7,1,1,0,False,False,0.33
rsiegel,6,1.67,2.0,10,12,4,1,False,False,0.67
rutgervz,1,2.0,0.0,2,0,0,0,False,False,0.0
ryanckulp,12,1.83,0.33,22,4,1,0,False,False,0.08
ryaneshea,5,4.0,4.8,20,24,4,2,False,False,0.8
ryangcamp,1,5.0,2.0,5,2,1,0,False,False,1.0
ryannjean,1,2.0,0.0,2,0,0,0,False,False,0.0
samgrayson3,4,0.75,0.25,3,1,1,0,False,False,0.25
samiq,20,3.0,2.95,60,59,8,4,False,False,0.4
samiur1204,2,0.5,1.0,1,2,2,0,False,False,1.0
samthebrand,1,9.0,3.0,9,3,1,0,False,False,1.0
sararaza501,1,1.0,0.0,1,0,0,0,False,False,0.0
sasyrae,1,1.0,0.0,1,0,0,0,False,False,0.0
sbyrnes,54,1.74,0.37,94,20,8,1,False,False,0.15
schlaf,2,2.0,0.5,4,1,1,0,False,False,0.5
scottw,2,1.5,0.0,3,0,0,0,False,False,0.0
scoushik,5,3.2,0.8,16,4,2,0,False,False,0.4
sean_a_rose,1,1.0,0.0,1,0,0,0,False,False,0.0
sebagon,1,5.0,1.0,5,1,1,0,False,False,1.0
semil,162,2.0,0.38,324,61,23,3,False,False,0.14
setfive,2,4.5,7.0,9,14,1,1,False,False,0.5
sethbannon,1,1.0,0.0,1,0,0,0,False,False,0.0
sethjs,1,3.0,2.0,3,2,1,0,False,False,1.0
shanacarp,4,2.5,1.0,10,4,1,0,False,False,0.25
shannon_ritchie,1,11.0,4.0,11,4,1,0,False,False,1.0
shekhar15453969,1,1.0,0.0,1,0,0,0,False,False,0.0
shesaidberkeley,1,1.0,0.0,1,0,0,0,False,False,0.0
shoebox,1,2.0,1.0,2,1,1,0,False,False,1.0
shrikar84,4,3.5,1.25,14,5,2,0,False,False,0.5
simondlr,1,2.0,1.0,2,1,1,0,False,False,1.0
singularityhack,1,3.0,0.0,3,0,0,0,False,False,0.0
sjvn,357,1.85,0.22,659,78,25,1,False,False,0.07
sktthemes,2,1.0,0.0,2,0,0,0,False,False,0.0
slfisher,100,2.64,0.15,264,15,11,0,False,False,0.11
smalera,2,1.0,1.5,2,3,2,0,False,False,1.0
smalter,1,2.0,0.0,2,0,0,0,False,False,0.0
smandalika,1,1.0,0.0,1,0,0,0,False,False,0.0
solarfeeds,1,1.0,4.0,1,4,1,0,False,False,1.0
sotirov,1,1.0,0.0,1,0,0,0,False,False,0.0
soundboy,2,4.0,0.0,8,0,0,0,False,False,0.0
southcargo,1,1.0,1.0,1,1,1,0,False,False,1.0
sparkcatalyst,1,2.0,0.0,2,0,0,0,False,False,0.0
spetulla,7,2.0,0.43,14,3,2,0,False,False,0.29
sqs,2,2.5,0.0,5,0,0,0,False,False,0.0
stanlerds,1,1.0,0.0,1,0,0,0,False,False,0.0
starkness,1,6.0,4.0,6,4,1,0,False,False,1.0
startupandrew,2,10.5,2.5,21,5,1,1,False,False,0.5
statspotting,44,1.52,0.32,67,14,5,1,False,False,0.11
staysmall,68,2.07,1.16,141,79,20,4,False,False,0.29
stefanobernardi,1,2.0,0.0,2,0,0,0,False,False,0.0
steve_Zbranek,1,1.0,0.0,1,0,0,0,False,False,0.0
steverandy,1,1.0,0.0,1,0,0,0,False,False,0.0
strategicwebs,9,1.0,0.0,9,0,0,0,False,False,0.0
sunstonecomms,1,1.0,0.0,1,0,0,0,False,False,0.0
sylvaingrande,1,5.0,0.0,5,0,0,0,False,False,0.0
sylvainutard,3,9.33,3.0,28,9,1,1,False,False,0.33
sylvie_bolioli,1,3.0,0.0,3,0,0,0,False,False,0.0
sytses,1,1.0,1.0,1,1,1,0,False,False,1.0
takartem,1,4.0,1.0,4,1,1,0,False,False,1.0
tareasplus,1,49.0,11.0,49,11,1,1,False,False,1.0
taxsmartapps,1,1.0,2.0,1,2,1,0,False,False,1.0
tdavidson,3,2.0,0.67,6,2,2,0,False,False,0.67
tdtruett,1,3.0,0.0,3,0,0,0,False,False,0.0
techguy,1,1.0,0.0,1,0,0,0,False,False,0.0
techonomy,5,1.0,0.0,5,0,0,0,False,False,0.0
techzee1,6,1.0,0.0,6,0,0,0,False,False,0.0
tedr,3,3.33,3.67,10,11,2,1,False,False,0.67
tedserbinski,4,3.5,0.75,14,3,1,0,False,False,0.25
tek_fin,1,1.0,0.0,1,0,0,0,False,False,0.0
tger_tger,1,2.0,0.0,2,0,0,0,False,False,0.0
theagent,1,2.0,0.0,2,0,0,0,False,False,0.0
thenewb,1,2.0,0.0,2,0,0,0,False,False,0.0
thesmitpatel,1,1.0,0.0,1,0,0,0,False,False,0.0
thetylerhayes,15,2.47,1.93,37,29,6,1,False,False,0.4
tiffanydstone,17,2.18,0.76,37,13,7,1,False,False,0.41
timrpeterson,1,0.0,0.0,0,0,0,0,False,False,0.0
tlongren,24,1.08,0.0,26,0,0,0,False,False,0.0
tmztmobile,4,2.0,1.5,8,6,1,1,False,False,0.25
tomcritchlow,12,3.17,2.92,38,35,7,3,False,False,0.58
tommyhump,1,1.0,0.0,1,0,0,0,False,False,0.0
tommyrva,2,1.0,0.0,2,0,0,0,False,False,0.0
tonyfelice,1,9.0,0.0,9,0,0,0,False,False,0.0
torbahax,2,3.5,0.5,7,1,1,0,False,False,0.5
trevoragilbert,1,2.0,0.0,2,0,0,0,False,False,0.0
tysonium,2,2.0,1.5,4,3,1,0,False,False,0.5
uAutoInsurance1,2,1.5,0.5,3,1,1,0,False,False,0.5
user41658,1,1.0,0.0,1,0,0,0,False,False,0.0
usv,2,1.0,0.0,2,0,0,0,False,False,0.0
usvcommunity,1,1.0,0.0,1,0,0,0,False,False,0.0
utengr,6,2.5,0.67,15,4,1,0,False,False,0.17
vesterinen,1,4.0,3.0,4,3,1,0,False,False,1.0
victortrac,1,1.0,0.0,1,0,0,0,False,False,0.0
vijayssundaram,2,2.5,0.5,5,1,1,0,False,False,0.5
vitor,1,3.0,3.0,3,3,1,0,False,False,1.0
vladomer,1,1.0,0.0,1,0,0,0,False,False,0.0
volatileread,1,1.0,0.0,1,0,0,0,False,False,0.0
votrite,1,1.0,0.0,1,0,0,0,False,False,0.0
vozagvozag,1,3.0,0.0,3,0,0,0,False,False,0.0
waxzce,5,4.0,0.0,20,0,0,0,False,False,0.0
webbee,4,1.5,0.0,6,0,0,0,False,False,0.0
whereandy,1,1.0,0.0,1,0,0,0,False,False,0.0
whitneymcn,5,6.0,5.0,30,25,2,2,False,False,0.4
winwood1979,1,1.0,0.0,1,0,0,0,False,False,0.0
wirelessjoe,1,5.0,3.0,5,3,1,0,False,False,1.0
wkoffel,6,1.17,0.0,7,0,0,0,False,False,0.0
wmougayar,394,2.38,1.09,936,428,123,30,False,False,0.31
womenceosrock,3,0.67,0.0,2,0,0,0,False,False,0.0
wschenk,1,1.0,0.0,1,0,0,0,False,False,0.0
xcopy_co,6,0.83,0.0,5,0,0,0,False,False,0.0
yangforjindam,4,1.25,0.0,5,0,0,0,False,False,0.0
ycwest,1,4.0,2.0,4,2,1,0,False,False,1.0
yegg,6,7.67,1.5,46,9,3,1,False,False,0.5
yes,1,1.0,2.0,1,2,1,0,False,False,1.0
yoktan,2,2.5,0.0,5,0,0,0,False,False,0.0
yvonchou,1,3.0,0.0,3,0,0,0,False,False,0.0
yvoschaap,4,11.0,3.0,44,12,2,1,False,False,0.5
zacpappis,1,2.0,0.0,2,0,0,0,False,False,0.0
zmh,2,5.0,1.0,10,2,2,0,False,False,1.0
zsims,1,3.0,0.0,3,0,0,0,False,False,0.0
